song_id,title,artist_id,album,release_year,duration_sec
1,Reduced modular parallelism,34,Whole Album,2008,306
2,Team-oriented asynchronous strategy,26,Be Album,2006,267
3,Inverse content-based strategy,27,Positive Album,2010,396
4,Cross-platform eco-centric array,8,Beautiful Album,1999,318
5,Realigned optimizing monitoring,46,Follow Album,2002,197
6,Switchable bifurcated encryption,40,Positive Album,2013,168
7,Multi-channeled scalable protocol,32,Into Album,2015,398
8,Persistent fresh-thinking budgetary management,34,Former Album,2024,336
9,Switchable encompassing open architecture,22,Step Album,1993,352
10,Re-contextualized user-facing website,50,Teach Album,2007,166
11,Exclusive next generation extranet,50,Town Album,2013,244
12,Intuitive hybrid strategy,50,Then Album,2002,321
13,Persistent zero-defect Graphical User Interface,5,Difficult Album,1993,368
14,Networked multimedia infrastructure,33,Look Album,2010,323
15,Assimilated responsive system engine,21,Pay Album,1997,172
16,Vision-oriented 24hour firmware,18,Artist Album,2014,238
17,Total zero-defect synergy,32,How Album,2010,352
18,Multi-tiered content-based framework,16,Third Album,2006,240
19,Advanced user-facing synergy,21,Western Album,2006,360
20,Public-key fresh-thinking standardization,17,Several Album,1997,193
21,Future-proofed interactive knowledgebase,42,Various Album,2016,211
22,De-engineered zero administration capability,11,Hundred Album,2025,281
23,Self-enabling asynchronous capacity,21,Over Album,1997,232
24,Expanded real-time circuit,29,Section Album,2017,221
25,Enterprise-wide foreground superstructure,4,Ask Album,2011,203
26,Multi-tiered stable service-desk,35,Present Album,1990,204
27,Face-to-face homogeneous application,21,Establish Album,2007,254
28,Triple-buffered attitude-oriented analyzer,43,Knowledge Album,2007,213
29,Cross-platform well-modulated synergy,37,Movie Album,2013,359
30,Reactive bandwidth-monitored project,4,Every Album,2005,360
31,Enterprise-wide modular time-frame,42,Sport Album,2001,384
32,Implemented multi-tasking alliance,47,Offer Album,1996,153
33,Organized fault-tolerant interface,20,Outside Album,2000,210
34,Open-architected leadingedge application,15,Education Album,2019,175
35,Future-proofed 6thgeneration approach,43,Somebody Album,1995,393
36,Exclusive 5thgeneration infrastructure,25,Concern Album,2014,135
37,Optional maximized attitude,13,Issue Album,2007,376
38,Pre-emptive tertiary hub,39,Lot Album,1998,293
39,Advanced directional solution,22,Arrive Album,2014,288
40,Streamlined cohesive software,29,Card Album,2000,257
41,Organized human-resource analyzer,27,Per Album,1990,233
42,Centralized logistical protocol,43,Memory Album,2018,303
43,Right-sized interactive definition,8,Carry Album,2001,327
44,Fundamental next generation throughput,9,Lose Album,1990,342
45,Grass-roots optimizing installation,14,Reveal Album,2015,368
46,Secured bandwidth-monitored focus group,15,Matter Album,2022,320
47,Future-proofed 24hour secured line,39,Personal Album,1991,165
48,Organized encompassing array,36,Modern Album,1996,238
49,Realigned interactive secured line,8,Talk Album,2019,136
50,Down-sized full-range infrastructure,46,Boy Album,2001,197
51,Decentralized national synergy,44,House Album,2008,227
52,Focused fault-tolerant solution,3,Actually Album,1995,233
53,Up-sized homogeneous leverage,43,End Album,2009,266
54,Seamless neutral emulation,25,Must Album,1995,229
55,Mandatory regional leverage,32,Set Album,1992,177
56,Proactive zero tolerance throughput,44,News Album,2025,335
57,Team-oriented local solution,11,Appear Album,1997,308
58,Open-architected human-resource hub,34,Image Album,2008,390
59,Visionary regional function,35,Though Album,2008,297
60,Re-contextualized optimal software,25,Determine Album,1993,169
61,Reduced actuating Graphical User Interface,49,Expect Album,2008,141
62,Organized client-server software,41,Five Album,2015,180
63,Stand-alone background firmware,50,Let Album,2004,386
64,Persistent human-resource algorithm,1,Million Album,2010,261
65,Ameliorated contextually-based neural-net,37,Strong Album,2021,219
66,Re-engineered local strategy,46,Tend Album,1995,332
67,De-engineered tertiary utilization,45,Home Album,2009,277
68,Cloned 4thgeneration capability,30,Modern Album,2001,240
69,Down-sized reciprocal collaboration,11,Institution Album,1995,284
70,Public-key methodical process improvement,41,Someone Album,1991,260
71,Innovative reciprocal extranet,30,Partner Album,2008,224
72,Right-sized tangible methodology,50,Which Album,2021,275
73,Upgradable empowering portal,47,Education Album,2006,344
74,Ameliorated discrete moderator,24,Score Album,2017,168
75,Synergized bandwidth-monitored capability,8,Will Album,2008,284
76,Universal logistical concept,40,Particularly Album,2001,208
77,Organized secondary forecast,20,Message Album,1990,202
78,Multi-channeled exuding hub,8,From Album,1994,258
79,Horizontal 24hour encryption,13,Describe Album,1991,210
80,Team-oriented fault-tolerant flexibility,9,Least Album,1991,269
81,Proactive executive archive,5,Property Album,2021,130
82,Multi-layered cohesive attitude,29,Behind Album,2007,308
83,Devolved systemic framework,46,Sign Album,2000,375
84,Self-enabling multimedia open system,15,Civil Album,2006,258
85,Focused 3rdgeneration pricing structure,20,Into Album,2008,195
86,Centralized disintermediate help-desk,16,Inside Album,2024,381
87,Business-focused fault-tolerant process improvement,48,Reality Album,2003,212
88,Compatible 5thgeneration Graphic Interface,18,Our Album,2012,358
89,User-friendly mobile strategy,50,Expert Album,2023,204
90,Implemented 4thgeneration functionalities,47,Protect Album,1994,155
91,Distributed clear-thinking process improvement,6,Physical Album,2024,144
92,Future-proofed hybrid application,20,Inside Album,1990,181
93,Team-oriented content-based parallelism,4,Reveal Album,2001,389
94,Multi-channeled zero administration knowledge user,49,More Album,2018,265
95,Total explicit help-desk,26,Record Album,1996,304
96,Self-enabling motivating hub,39,Yes Album,2014,188
97,Enterprise-wide high-level analyzer,49,Pattern Album,2002,166
98,Networked web-enabled toolset,39,A Album,2014,331
99,Function-based background system engine,31,Guess Album,1991,366
100,Customizable discrete application,6,Two Album,2005,253
101,Proactive encompassing solution,30,Visit Album,1994,386
102,Configurable hybrid open architecture,45,Budget Album,1996,135
103,Profit-focused 4thgeneration structure,13,Place Album,2016,183
104,Mandatory secondary secured line,12,Color Album,2024,217
105,Customer-focused full-range Local Area Network,39,Entire Album,2014,372
106,Exclusive executive conglomeration,47,Movement Album,2023,243
107,Face-to-face bi-directional Internet solution,8,Like Album,2011,374
108,Reverse-engineered transitional attitude,16,Blue Album,1997,382
109,Reverse-engineered holistic collaboration,43,Against Album,1995,133
110,Multi-lateral asynchronous toolset,24,Analysis Album,2017,273
111,Seamless background paradigm,12,Parent Album,2013,144
112,Stand-alone exuding capacity,7,But Album,1994,129
113,Function-based 3rdgeneration access,34,Record Album,2013,317
114,Implemented high-level policy,2,Establish Album,2022,181
115,Expanded user-facing system engine,31,Manager Album,1997,131
116,Multi-layered explicit throughput,35,Table Album,1990,194
117,Open-architected neutral open architecture,11,Rest Album,2002,131
118,Universal logistical database,47,Security Album,2003,141
119,Proactive tangible encryption,19,It Album,1990,175
120,Visionary mission-critical hub,19,Leader Album,2008,178
121,Expanded eco-centric intranet,33,Evening Album,2001,146
122,Fundamental regional neural-net,37,Purpose Album,2025,176
123,Programmable didactic productivity,31,Several Album,2014,204
124,Team-oriented well-modulated challenge,31,Little Album,2024,320
125,Reduced bottom-line workforce,50,Top Album,2019,237
126,Innovative global function,21,Respond Album,2020,260
127,Fully-configurable intermediate portal,40,Remain Album,2006,355
128,Object-based background system engine,32,Method Album,1990,250
129,Ameliorated systemic circuit,44,No Album,2006,308
130,Enterprise-wide leadingedge parallelism,16,Under Album,1997,255
131,Synergistic static contingency,48,Tend Album,2013,217
132,Operative radical superstructure,32,Which Album,2007,146
133,Realigned non-volatile orchestration,25,Upon Album,2001,260
134,Customizable value-added attitude,22,Herself Album,1998,123
135,Digitized intangible infrastructure,7,Medical Album,2008,320
136,Object-based attitude-oriented matrix,42,Check Album,2025,302
137,Intuitive demand-driven benchmark,29,Other Album,2000,333
138,Sharable systemic Local Area Network,40,Fact Album,1997,137
139,Upgradable needs-based structure,5,Sport Album,1999,385
140,Automated national forecast,21,Save Album,2025,201
141,Multi-layered heuristic matrices,35,Set Album,1994,213
142,Organic background portal,8,Deep Album,2025,199
143,Multi-layered client-driven emulation,24,Cost Album,1994,397
144,Innovative tertiary definition,17,When Album,1997,327
145,Multi-layered grid-enabled Graphic Interface,24,Nearly Album,2014,190
146,User-centric incremental firmware,34,Also Album,2016,174
147,Down-sized systematic ability,21,Until Album,2014,193
148,Cross-group 6thgeneration time-frame,12,The Album,1991,305
149,Proactive background capability,25,Box Album,1992,395
150,Integrated 24/7 extranet,44,Answer Album,2014,211
151,Re-contextualized bi-directional implementation,8,Mind Album,2005,270
152,Upgradable 4thgeneration attitude,41,Stuff Album,2021,336
153,Compatible dynamic migration,33,Focus Album,2004,318
154,Multi-lateral intangible alliance,17,Adult Album,1994,143
155,Future-proofed contextually-based protocol,36,Wish Album,2000,362
156,Pre-emptive non-volatile adapter,22,Girl Album,2021,140
157,Centralized discrete Local Area Network,49,Police Album,2017,233
158,Robust fresh-thinking paradigm,21,Class Album,2010,138
159,Managed foreground parallelism,19,Draw Album,2002,150
160,Customer-focused mission-critical benchmark,1,Sport Album,1995,268
161,Synchronized full-range open architecture,21,Manage Album,2010,142
162,Compatible uniform knowledge user,23,Study Album,1995,232
163,Implemented discrete customer loyalty,41,Early Album,2004,160
164,Persistent radical infrastructure,27,Image Album,2001,355
165,Future-proofed regional moderator,21,Particular Album,2023,299
166,Team-oriented demand-driven protocol,17,Only Album,2003,166
167,Centralized maximized migration,14,Research Album,1990,267
168,Enterprise-wide full-range Graphic Interface,14,Film Album,2000,238
169,Re-contextualized attitude-oriented array,11,Group Album,1993,352
170,Reverse-engineered systemic hardware,10,Important Album,2008,153
171,Managed zero administration extranet,30,Pull Album,2021,179
172,Total optimal architecture,24,Skin Album,2006,336
173,Customer-focused analyzing service-desk,13,Guess Album,2021,272
174,Horizontal multi-tasking structure,23,Lay Album,2015,280
175,Integrated composite paradigm,17,Candidate Album,2001,267
176,Fully-configurable solution-oriented Local Area Network,25,Mention Album,2024,388
177,Customizable local policy,38,Image Album,2012,296
178,Public-key encompassing frame,21,Door Album,2017,227
179,Fundamental incremental monitoring,1,Continue Album,2006,226
180,Persistent 6thgeneration definition,20,Huge Album,2024,179
181,Front-line scalable initiative,26,Doctor Album,2000,231
182,User-centric national process improvement,9,Article Album,2000,348
183,Upgradable incremental ability,7,The Album,2023,160
184,Function-based multi-tasking forecast,48,Join Album,2006,134
185,Face-to-face mobile definition,19,View Album,1997,377
186,Synergistic local challenge,49,Condition Album,2017,225
187,Reverse-engineered high-level throughput,11,Identify Album,1999,180
188,Business-focused foreground benchmark,27,Education Album,2000,261
189,Devolved static flexibility,45,Performance Album,1996,350
190,Business-focused client-driven orchestration,11,Congress Album,2013,395
191,Proactive intangible Local Area Network,11,Her Album,2015,387
192,Optional composite artificial intelligence,21,Mean Album,2010,374
193,Re-engineered asymmetric secured line,41,Sign Album,2018,201
194,Focused contextually-based customer loyalty,8,Compare Album,2004,198
195,Re-engineered 24hour extranet,8,A Album,2010,334
196,Triple-buffered demand-driven methodology,39,Less Album,1994,347
197,Multi-lateral impactful capacity,11,Tonight Album,2003,253
198,Object-based optimal data-warehouse,3,Teacher Album,2011,187
199,Seamless bifurcated standardization,22,Opportunity Album,1999,286
200,Pre-emptive secondary capability,23,Indeed Album,2025,337
201,Face-to-face zero-defect intranet,18,Push Album,2006,342
202,Compatible mission-critical Graphical User Interface,38,Participant Album,2017,190
203,Open-architected optimizing emulation,27,Answer Album,2019,261
204,Future-proofed bottom-line structure,35,Her Album,2012,143
205,Open-architected next generation matrices,28,Scientist Album,2002,348
206,Pre-emptive logistical Graphical User Interface,30,Myself Album,2025,182
207,Adaptive tangible moderator,29,Region Album,1995,222
208,Progressive empowering hub,28,Election Album,2012,262
209,Upgradable interactive productivity,32,Cover Album,2006,279
210,Reduced multimedia software,11,Know Album,2011,159
211,Centralized mission-critical hierarchy,8,Amount Album,1996,276
212,Profit-focused regional pricing structure,29,Business Album,2023,356
213,Self-enabling content-based portal,37,Discussion Album,2003,304
214,Re-engineered didactic forecast,3,Great Album,2019,178
215,Digitized fresh-thinking implementation,40,Thus Album,2014,207
216,Multi-layered uniform policy,38,Cell Album,2020,383
217,Proactive fault-tolerant intranet,6,Rise Album,2021,341
218,Versatile next generation strategy,3,Same Album,2014,191
219,Profound background collaboration,50,Body Album,1999,192
220,Monitored solution-oriented hierarchy,5,Maintain Album,2000,120
221,Realigned dedicated moratorium,47,Administration Album,1994,186
222,Cross-group dynamic monitoring,5,Challenge Album,2025,193
223,Programmable secondary system engine,9,Pattern Album,2000,267
224,Intuitive composite interface,7,Activity Album,2014,207
225,Object-based intangible website,4,Hope Album,1997,331
226,Right-sized disintermediate contingency,14,Condition Album,2010,151
227,Customer-focused asynchronous archive,5,Course Album,1993,245
228,Operative homogeneous neural-net,17,Within Album,2017,160
229,Ameliorated mobile productivity,5,Own Album,1997,123
230,Centralized upward-trending moratorium,39,Stop Album,2010,360
231,Total transitional website,37,Keep Album,2018,337
232,Function-based heuristic application,46,Next Album,2019,272
233,Monitored demand-driven standardization,21,Travel Album,2009,127
234,Total interactive encryption,40,Series Album,2011,186
235,Automated mobile neural-net,2,Real Album,2007,137
236,Proactive uniform migration,49,Determine Album,1998,194
237,Inverse asymmetric capability,8,Outside Album,2002,196
238,Optional composite function,46,Work Album,2015,164
239,Self-enabling leadingedge frame,9,Set Album,2020,342
240,Sharable optimal infrastructure,2,Stay Album,1998,134
241,Pre-emptive background instruction set,46,Become Album,2019,183
242,Advanced demand-driven productivity,10,Experience Album,2000,292
243,Function-based encompassing access,49,Sort Album,2021,162
244,Object-based regional system engine,26,Short Album,2000,196
245,Focused fault-tolerant system engine,11,Collection Album,2007,140
246,Pre-emptive upward-trending toolset,21,Region Album,1997,229
247,Innovative even-keeled matrix,30,Big Album,1991,239
248,Extended foreground implementation,29,Now Album,2016,287
249,Phased dedicated contingency,30,Hand Album,2002,237
250,Quality-focused radical framework,37,Eat Album,1994,370
251,Persistent user-facing focus group,1,Sense Album,1992,138
252,Grass-roots maximized challenge,35,Believe Album,2023,124
253,Object-based client-server budgetary management,42,Full Album,2019,282
254,Intuitive optimizing throughput,42,Accept Album,1998,236
255,Grass-roots maximized help-desk,30,Should Album,1990,290
256,Digitized homogeneous concept,31,Rise Album,1992,254
257,Optional bifurcated moratorium,26,Somebody Album,2008,291
258,Ameliorated coherent alliance,39,School Album,1995,274
259,Upgradable asymmetric function,1,Development Album,2001,186
260,Networked context-sensitive capacity,12,Manage Album,1997,161
261,Front-line 24hour complexity,27,Wrong Album,2015,221
262,Sharable context-sensitive implementation,50,Attention Album,1995,269
263,Re-contextualized modular task-force,38,Away Album,2007,209
264,Programmable static budgetary management,34,Expert Album,2015,290
265,Fundamental regional contingency,31,Force Album,2001,235
266,Fundamental impactful product,45,Significant Album,2015,359
267,Implemented radical core,34,Green Album,2018,223
268,Streamlined exuding Graphical User Interface,2,Conference Album,2025,162
269,Total multimedia help-desk,35,Source Album,1994,124
270,Grass-roots composite middleware,1,Along Album,1996,194
271,Mandatory multimedia concept,20,Sense Album,2025,278
272,Open-source radical installation,7,Entire Album,2016,161
273,Horizontal transitional open architecture,49,Reflect Album,2001,318
274,Exclusive regional superstructure,44,Total Album,2021,368
275,Multi-lateral 4thgeneration concept,39,Probably Album,2009,212
276,Organized mobile website,25,Organization Album,2009,335
277,Object-based interactive system engine,23,Song Album,2008,168
278,Proactive responsive emulation,44,Tax Album,2009,127
279,Multi-channeled intangible orchestration,5,Responsibility Album,2004,333
280,Open-source needs-based hardware,6,Long Album,2010,342
281,De-engineered demand-driven knowledge user,16,Summer Album,2018,218
282,Multi-layered background throughput,5,Around Album,1997,170
283,Quality-focused bottom-line flexibility,33,Nature Album,1992,316
284,Diverse intangible core,9,Never Album,1994,360
285,Self-enabling next generation data-warehouse,24,Minute Album,2008,174
286,Persistent needs-based portal,4,Wear Album,1998,208
287,Enterprise-wide content-based matrix,15,Provide Album,2014,323
288,User-centric bottom-line service-desk,35,Necessary Album,2003,243
289,User-friendly optimal hardware,24,Base Album,2004,207
290,Polarized eco-centric database,16,Real Album,2023,141
291,Business-focused systemic migration,32,North Album,1997,319
292,Front-line responsive moderator,37,Easy Album,1992,301
293,Operative disintermediate model,3,Truth Album,2020,374
294,Customizable bandwidth-monitored hardware,32,Prove Album,2002,217
295,Extended static success,28,Act Album,2023,157
296,User-centric upward-trending strategy,40,Plan Album,1995,359
297,Down-sized optimal framework,40,World Album,2005,159
298,Persevering analyzing orchestration,6,Six Album,2011,269
299,Face-to-face fresh-thinking Graphical User Interface,28,More Album,2023,304
300,Progressive context-sensitive model,20,Sign Album,1990,208
